phone,pitt email,email,password,bio
5046218927,jbutt@pitt.edu,jbutt@gmail.com,foobar,Pitt 2021
8102929388,josephine_darakjy@pitt.edu,josephine_darakjy@darakjy.org,foobar,Pitt 2021
8566368749,art@pitt.edu,art@venere.org,foobar,Pitt 2021
9073854412,lpaprocki@pitt.edu,lpaprocki@hotmail.com,foobar,Pitt 2021
5135701893,donette.foller@pitt.edu,donette.foller@cox.net,foobar,Pitt 2021
4195032484,simona@pitt.edu,simona@morasca.com,foobar,Pitt 2021
7735736914,mitsue_tollner@pitt.edu,mitsue_tollner@yahoo.com,foobar,Pitt 2021
4087523500,leota@pitt.edu,leota@hotmail.com,foobar,Pitt 2021
6054142147,sage_wieser@pitt.edu,sage_wieser@cox.net,foobar,Pitt 2021
4106558723,kris@pitt.edu,kris@gmail.com,foobar,Pitt 2021
2158741229,minna_amigon@pitt.edu,minna_amigon@yahoo.com,foobar,Pitt 2021
6313353414,amaclead@pitt.edu,amaclead@gmail.com,foobar,Pitt 2021
3104985651,kiley.caldarera@pitt.edu,kiley.caldarera@aol.com,foobar,Pitt 2021
4407808425,gruta@pitt.edu,gruta@cox.net,foobar,Pitt 2021
9565376195,calbares@pitt.edu,calbares@gmail.com,foobar,Pitt 2021
6022774385,mattie@pitt.edu,mattie@aol.com,foobar,Pitt 2021
9313139635,meaghan@pitt.edu,meaghan@hotmail.com,foobar,Pitt 2021
4146619598,gladys.rim@pitt.edu,gladys.rim@rim.org,foobar,Pitt 2021
3132887937,yuki_whobrey@pitt.edu,yuki_whobrey@aol.com,foobar,Pitt 2021
8158282147,fletcher.flosi@pitt.edu,fletcher.flosi@yahoo.com,foobar,Pitt 2021
6105453615,bette_nicka@pitt.edu,bette_nicka@cox.net,foobar,Pitt 2021
4085401785,vinouye@pitt.edu,vinouye@aol.com,foobar,Pitt 2021
9723039197,willard@pitt.edu,willard@hotmail.com,foobar,Pitt 2021
5189667987,mroyster@pitt.edu,mroyster@royster.com,foobar,Pitt 2021
7326583154,alisha@pitt.edu,alisha@slusarski.com,foobar,Pitt 2021
7156626764,allene_iturbide@pitt.edu,allene_iturbide@cox.net,foobar,Pitt 2021
9133882079,chanel.caudy@pitt.edu,chanel.caudy@caudy.org,foobar,Pitt 2021
4106691642,ezekiel@pitt.edu,ezekiel@chui.com,foobar,Pitt 2021
2125824976,wkusko@pitt.edu,wkusko@yahoo.com,foobar,Pitt 2021
9363363951,bfigeroa@pitt.edu,bfigeroa@aol.com,foobar,Pitt 2021
6148019788,ammie@pitt.edu,ammie@corrio.com,foobar,Pitt 2021
5059773911,francine_vocelka@pitt.edu,francine_vocelka@vocelka.com,foobar,Pitt 2021
2017096245,ernie_stenseth@pitt.edu,ernie_stenseth@aol.com,foobar,Pitt 2021
7329247882,albina@pitt.edu,albina@glick.com,foobar,Pitt 2021
2128601579,asergi@pitt.edu,asergi@gmail.com,foobar,Pitt 2021
5049799175,solange@pitt.edu,solange@shinko.com,foobar,Pitt 2021
2126758570,jose@pitt.edu,jose@yahoo.com,foobar,Pitt 2021
8058326163,rozella.ostrosky@pitt.edu,rozella.ostrosky@ostrosky.com,foobar,Pitt 2021
2108129597,valentine_gillian@pitt.edu,valentine_gillian@gmail.com,foobar,Pitt 2021
7854637829,kati.rulapaugh@pitt.edu,kati.rulapaugh@hotmail.com,foobar,Pitt 2021
5415488197,youlanda@pitt.edu,youlanda@aol.com,foobar,Pitt 2021
9134134604,doldroyd@pitt.edu,doldroyd@aol.com,foobar,Pitt 2021
9072314722,roxane@pitt.edu,roxane@hotmail.com,foobar,Pitt 2021
3056067291,lperin@pitt.edu,lperin@perin.org,foobar,Pitt 2021
9077411044,erick.ferencz@pitt.edu,erick.ferencz@aol.com,foobar,Pitt 2021
9527682416,fsaylors@pitt.edu,fsaylors@saylors.org,foobar,Pitt 2021
6173995124,jina_briddick@pitt.edu,jina_briddick@briddick.com,foobar,Pitt 2021
3234532780,kanisha_waycott@pitt.edu,kanisha_waycott@yahoo.com,foobar,Pitt 2021
6083367444,emerson.bowley@pitt.edu,emerson.bowley@bowley.org,foobar,Pitt 2021
2159079111,bmalet@pitt.edu,bmalet@yahoo.com,foobar,Pitt 2021
2124029216,bbolognia@pitt.edu,bbolognia@yahoo.com,foobar,Pitt 2021
9318756644,lnestle@pitt.edu,lnestle@hotmail.com,foobar,Pitt 2021
8039255213,sabra@pitt.edu,sabra@uyetake.org,foobar,Pitt 2021
6108145533,mmastella@pitt.edu,mmastella@mastella.com,foobar,Pitt 2021
9088776135,karl_klonowski@pitt.edu,karl_klonowski@yahoo.com,foobar,Pitt 2021
5169686051,twenner@pitt.edu,twenner@aol.com,foobar,Pitt 2021
2159348655,amber_monarrez@pitt.edu,amber_monarrez@monarrez.org,foobar,Pitt 2021
8184234007,shenika@pitt.edu,shenika@gmail.com,foobar,Pitt 2021
4014582547,delmy.ahle@pitt.edu,delmy.ahle@hotmail.com,foobar,Pitt 2021
2152119589,deeanna_juhas@pitt.edu,deeanna_juhas@gmail.com,foobar,Pitt 2021
4019608259,bpugh@pitt.edu,bpugh@aol.com,foobar,Pitt 2021
7322341546,jamal@pitt.edu,jamal@vanausdal.org,foobar,Pitt 2021
5124863817,cecily@pitt.edu,cecily@hollack.org,foobar,Pitt 2021
3037247371,carmelina_lindall@pitt.edu,carmelina_lindall@lindall.com,foobar,Pitt 2021
4147481374,maurine_yglesias@pitt.edu,maurine_yglesias@yglesias.com,foobar,Pitt 2021
2126749610,tawna@pitt.edu,tawna@gmail.com,foobar,Pitt 2021
9077979628,penney_weight@pitt.edu,penney_weight@aol.com,foobar,Pitt 2021
8143935571,elly_morocco@pitt.edu,elly_morocco@gmail.com,foobar,Pitt 2021
4109149018,ilene.eroman@pitt.edu,ilene.eroman@hotmail.com,foobar,Pitt 2021
2088625339,vmondella@pitt.edu,vmondella@mondella.com,foobar,Pitt 2021
4153152761,kallie.blackwood@pitt.edu,kallie.blackwood@gmail.com,foobar,Pitt 2021
9192259345,johnetta_abdallah@pitt.edu,johnetta_abdallah@aol.com,foobar,Pitt 2021
6505285783,brhym@pitt.edu,brhym@rhym.com,foobar,Pitt 2021
9256473298,micaela_rhymes@pitt.edu,micaela_rhymes@gmail.com,foobar,Pitt 2021
7403438575,tamar@pitt.edu,tamar@hotmail.com,foobar,Pitt 2021
5858668313,moon@pitt.edu,moon@yahoo.com,foobar,Pitt 2021
4105204832,laurel_reitler@pitt.edu,laurel_reitler@reitler.com,foobar,Pitt 2021
9733542040,delisa.crupi@pitt.edu,delisa.crupi@crupi.com,foobar,Pitt 2021
7734465569,viva.toelkes@pitt.edu,viva.toelkes@gmail.com,foobar,Pitt 2021
9739273447,elza@pitt.edu,elza@yahoo.com,foobar,Pitt 2021
5059758559,devorah@pitt.edu,devorah@hotmail.com,foobar,Pitt 2021
7183326527,timothy_mulqueen@pitt.edu,timothy_mulqueen@mulqueen.org,foobar,Pitt 2021
9047754480,ahoneywell@pitt.edu,ahoneywell@honeywell.com,foobar,Pitt 2021
5109933758,dominque.dickerson@pitt.edu,dominque.dickerson@dickerson.org,foobar,Pitt 2021
2166577668,lettie_isenhower@pitt.edu,lettie_isenhower@yahoo.com,foobar,Pitt 2021
8179147518,mmunns@pitt.edu,mmunns@cox.net,foobar,Pitt 2021
3107747643,stephaine@pitt.edu,stephaine@barfield.com,foobar,Pitt 2021
8477287286,lai.gato@pitt.edu,lai.gato@gato.org,foobar,Pitt 2021
3305375358,stephen_emigh@pitt.edu,stephen_emigh@hotmail.com,foobar,Pitt 2021
2152551641,tshields@pitt.edu,tshields@gmail.com,foobar,Pitt 2021
6508031936,twardrip@pitt.edu,twardrip@cox.net,foobar,Pitt 2021
6265721096,cory.gibes@pitt.edu,cory.gibes@gmail.com,foobar,Pitt 2021
2547828569,danica_bruschke@pitt.edu,danica_bruschke@gmail.com,foobar,Pitt 2021
9078705536,wilda@pitt.edu,wilda@cox.net,foobar,Pitt 2021
4087038505,elvera.benimadho@pitt.edu,elvera.benimadho@cox.net,foobar,Pitt 2021
5105037169,carma@pitt.edu,carma@cox.net,foobar,Pitt 2021
3177225066,malinda.hochard@pitt.edu,malinda.hochard@yahoo.com,foobar,Pitt 2021
3077048713,natalie.fern@pitt.edu,natalie.fern@hotmail.com,foobar,Pitt 2021
7032353937,lisha@pitt.edu,lisha@centini.org,foobar,Pitt 2021
5047105840,arlene_klusman@pitt.edu,arlene_klusman@gmail.com,foobar,Pitt 2021
3033014946,alease@pitt.edu,alease@buemi.com,foobar,Pitt 2021
5108287047,louisa@pitt.edu,louisa@cronauer.com,foobar,Pitt 2021
8088927943,angella.cetta@pitt.edu,angella.cetta@hotmail.com,foobar,Pitt 2021
9523349408,cgoldammer@pitt.edu,cgoldammer@cox.net,foobar,Pitt 2021
3362435659,rosio.cork@pitt.edu,rosio.cork@gmail.com,foobar,Pitt 2021
5165092347,ckorando@pitt.edu,ckorando@hotmail.com,foobar,Pitt 2021
5039393153,twana.felger@pitt.edu,twana.felger@felger.org,foobar,Pitt 2021
6089767199,estrella@pitt.edu,estrella@aol.com,foobar,Pitt 2021
5084298576,dkines@pitt.edu,dkines@hotmail.com,foobar,Pitt 2021
3053859695,tiffiny_steffensmeier@pitt.edu,tiffiny_steffensmeier@cox.net,foobar,Pitt 2021
8144602655,emiceli@pitt.edu,emiceli@miceli.org,foobar,Pitt 2021
9726663413,sue@pitt.edu,sue@aol.com,foobar,Pitt 2021
9312738709,jshin@pitt.edu,jshin@shin.com,foobar,Pitt 2021
9736492922,rolland@pitt.edu,rolland@cox.net,foobar,Pitt 2021
3054208970,pamella.schmierer@pitt.edu,pamella.schmierer@schmierer.org,foobar,Pitt 2021
4102249462,gkulzer@pitt.edu,gkulzer@kulzer.org,foobar,Pitt 2021
8052753566,shawna_palaspas@pitt.edu,shawna_palaspas@palaspas.org,foobar,Pitt 2021
8082156832,brandon_callaro@pitt.edu,brandon_callaro@hotmail.com,foobar,Pitt 2021
2297353378,scarlet.cartan@pitt.edu,scarlet.cartan@yahoo.com,foobar,Pitt 2021
6174185043,oretha_menter@pitt.edu,oretha_menter@yahoo.com,foobar,Pitt 2021
2016721553,tsmith@pitt.edu,tsmith@aol.com,foobar,Pitt 2021
6509335072,xuan@pitt.edu,xuan@gmail.com,foobar,Pitt 2021
9096399887,lindsey.dilello@pitt.edu,lindsey.dilello@hotmail.com,foobar,Pitt 2021
5109553016,devora_perez@pitt.edu,devora_perez@perez.org,foobar,Pitt 2021
5184972940,hdemesa@pitt.edu,hdemesa@cox.net,foobar,Pitt 2021
5708677489,rpapasergi@pitt.edu,rpapasergi@cox.net,foobar,Pitt 2021
9732452133,talia_riopelle@pitt.edu,talia_riopelle@aol.com,foobar,Pitt 2021
9084092890,van.shire@pitt.edu,van.shire@shire.com,foobar,Pitt 2021
3217494981,lucina_lary@pitt.edu,lucina_lary@cox.net,foobar,Pitt 2021
7188093762,bok.isaacs@pitt.edu,bok.isaacs@aol.com,foobar,Pitt 2021
8083153077,rolande.spickerman@pitt.edu,rolande.spickerman@spickerman.com,foobar,Pitt 2021
3036234241,hpaulas@pitt.edu,hpaulas@gmail.com,foobar,Pitt 2021
9733101634,kimbery_madarang@pitt.edu,kimbery_madarang@cox.net,foobar,Pitt 2021
6095243586,thurman.manno@pitt.edu,thurman.manno@yahoo.com,foobar,Pitt 2021
9088778409,becky.mirafuentes@pitt.edu,becky.mirafuentes@mirafuentes.com,foobar,Pitt 2021
5085844279,beatriz@pitt.edu,beatriz@yahoo.com,foobar,Pitt 2021
7737754522,marti.maybury@pitt.edu,marti.maybury@yahoo.com,foobar,Pitt 2021
5035275274,nieves_gotter@pitt.edu,nieves_gotter@gmail.com,foobar,Pitt 2021
2143391809,lhagele@pitt.edu,lhagele@cox.net,foobar,Pitt 2021
3123035453,vklimek@pitt.edu,vklimek@klimek.org,foobar,Pitt 2021
4199393613,melissa@pitt.edu,melissa@cox.net,foobar,Pitt 2021
9516453605,sheridan.zane@pitt.edu,sheridan.zane@zane.com,foobar,Pitt 2021
2544634368,bulah_padilla@pitt.edu,bulah_padilla@hotmail.com,foobar,Pitt 2021
6154067854,audra@pitt.edu,audra@kohnert.com,foobar,Pitt 2021
4149592540,dweirather@pitt.edu,dweirather@aol.com,foobar,Pitt 2021
4103875260,fjillson@pitt.edu,fjillson@aol.com,foobar,Pitt 2021
9729346914,gearldine_gellinger@pitt.edu,gearldine_gellinger@gellinger.com,foobar,Pitt 2021
3105608022,chau@pitt.edu,chau@gmail.com,foobar,Pitt 2021
5169485768,theola_frey@pitt.edu,theola_frey@frey.com,foobar,Pitt 2021
6095187697,cheryl@pitt.edu,cheryl@haroldson.org,foobar,Pitt 2021
5135087371,lmerced@pitt.edu,lmerced@gmail.com,foobar,Pitt 2021
5413264074,carissa.batman@pitt.edu,carissa.batman@yahoo.com,foobar,Pitt 2021
9195333762,lezlie.craghead@pitt.edu,lezlie.craghead@craghead.org,foobar,Pitt 2021
2123328435,oshealy@pitt.edu,oshealy@hotmail.com,foobar,Pitt 2021
6029069419,arminda@pitt.edu,arminda@parvis.com,foobar,Pitt 2021
3172341135,reita.leto@pitt.edu,reita.leto@gmail.com,foobar,Pitt 2021
3153044759,yolando@pitt.edu,yolando@cox.net,foobar,Pitt 2021
8564875412,lizette.stem@pitt.edu,lizette.stem@aol.com,foobar,Pitt 2021
5162121915,gpawlowicz@pitt.edu,gpawlowicz@yahoo.com,foobar,Pitt 2021
5013081040,cdeleo@pitt.edu,cdeleo@deleo.com,foobar,Pitt 2021
6515912583,chantell@pitt.edu,chantell@yahoo.com,foobar,Pitt 2021
2153253042,dyum@pitt.edu,dyum@yahoo.com,foobar,Pitt 2021
9858907262,larae_gudroe@pitt.edu,larae_gudroe@gmail.com,foobar,Pitt 2021
6319577624,latrice.tolfree@pitt.edu,latrice.tolfree@hotmail.com,foobar,Pitt 2021
9165913277,kerry.theodorov@pitt.edu,kerry.theodorov@gmail.com,foobar,Pitt 2021
2086492373,dhidvegi@pitt.edu,dhidvegi@yahoo.com,foobar,Pitt 2021
5125875746,fannie.lungren@pitt.edu,fannie.lungren@yahoo.com,foobar,Pitt 2021
2159643284,evangelina@pitt.edu,evangelina@aol.com,foobar,Pitt 2021
8084774775,novella_degroot@pitt.edu,novella_degroot@degroot.org,foobar,Pitt 2021
7755018109,choa@pitt.edu,choa@hoa.org,foobar,Pitt 2021
8479799545,jfallick@pitt.edu,jfallick@yahoo.com,foobar,Pitt 2021
9735457355,irma.wolfgramm@pitt.edu,irma.wolfgramm@hotmail.com,foobar,Pitt 2021
8642563620,eun@pitt.edu,eun@yahoo.com,foobar,Pitt 2021
4102099545,sylvia_cousey@pitt.edu,sylvia_cousey@cousey.org,foobar,Pitt 2021
9148552115,nana@pitt.edu,nana@aol.com,foobar,Pitt 2021
2122603151,layla.springe@pitt.edu,layla.springe@cox.net,foobar,Pitt 2021
5106779785,joesph_degonia@pitt.edu,joesph_degonia@degonia.org,foobar,Pitt 2021
9786976263,annabelle.boord@pitt.edu,annabelle.boord@cox.net,foobar,Pitt 2021
4157676596,stephaine@pitt.edu,stephaine@cox.net,foobar,Pitt 2021
2019711638,nelida@pitt.edu,nelida@gmail.com,foobar,Pitt 2021
9256347158,marguerita.hiatt@pitt.edu,marguerita.hiatt@gmail.com,foobar,Pitt 2021
7734944195,ccookey@pitt.edu,ccookey@cookey.org,foobar,Pitt 2021
9739433423,jbrideau@pitt.edu,jbrideau@aol.com,foobar,Pitt 2021
4195444900,claribel_varriano@pitt.edu,claribel_varriano@cox.net,foobar,Pitt 2021
3105792907,benton.skursky@pitt.edu,benton.skursky@aol.com,foobar,Pitt 2021
3522422570,hillary.skulski@pitt.edu,hillary.skulski@aol.com,foobar,Pitt 2021
4087585015,merilyn_bayless@pitt.edu,merilyn_bayless@cox.net,foobar,Pitt 2021
5708895187,tennaco@pitt.edu,tennaco@gmail.com,foobar,Pitt 2021
2015887810,merlyn_lawler@pitt.edu,merlyn_lawler@hotmail.com,foobar,Pitt 2021
9256155185,gmontezuma@pitt.edu,gmontezuma@cox.net,foobar,Pitt 2021
9088023564,jmconnell@pitt.edu,jmconnell@hotmail.com,foobar,Pitt 2021
6317486479,lemuel.latzke@pitt.edu,lemuel.latzke@gmail.com,foobar,Pitt 2021
8056901682,mknipp@pitt.edu,mknipp@gmail.com,foobar,Pitt 2021
9082758357,candida_corbley@pitt.edu,candida_corbley@hotmail.com,foobar,Pitt 2021
5039408327,karan_karpin@pitt.edu,karan_karpin@gmail.com,foobar,Pitt 2021
5035162189,andra@pitt.edu,andra@gmail.com,foobar,Pitt 2021
8563059731,fpoullion@pitt.edu,fpoullion@poullion.com,foobar,Pitt 2021
7705078791,belen_strassner@pitt.edu,belen_strassner@aol.com,foobar,Pitt 2021
9042353633,gracia@pitt.edu,gracia@melnyk.com,foobar,Pitt 2021
2074589196,jhanafan@pitt.edu,jhanafan@gmail.com,foobar,Pitt 2021
8177655781,barrett.toyama@pitt.edu,barrett.toyama@toyama.org,foobar,Pitt 2021
7167524114,helga_fredicks@pitt.edu,helga_fredicks@yahoo.com,foobar,Pitt 2021
3056709628,apinilla@pitt.edu,apinilla@cox.net,foobar,Pitt 2021
2123131783,fausto_agramonte@pitt.edu,fausto_agramonte@yahoo.com,foobar,Pitt 2021
2156057570,ronny.caiafa@pitt.edu,ronny.caiafa@caiafa.org,foobar,Pitt 2021
8504301663,marge@pitt.edu,marge@gmail.com,foobar,Pitt 2021
4153067897,norah.waymire@pitt.edu,norah.waymire@gmail.com,foobar,Pitt 2021
4085043552,aliza@pitt.edu,aliza@aol.com,foobar,Pitt 2021
6509471215,mpelkowski@pitt.edu,mpelkowski@pelkowski.org,foobar,Pitt 2021
8188644875,viola@pitt.edu,viola@gmail.com,foobar,Pitt 2021
2155588189,femard@pitt.edu,femard@emard.com,foobar,Pitt 2021
3372538384,willodean_konopacki@pitt.edu,willodean_konopacki@konopacki.org,foobar,Pitt 2021
3135334884,beckie.silvestrini@pitt.edu,beckie.silvestrini@silvestrini.com,foobar,Pitt 2021
5122138574,rgesick@pitt.edu,rgesick@gesick.org,foobar,Pitt 2021
2144282285,frederica_blunk@pitt.edu,frederica_blunk@gmail.com,foobar,Pitt 2021
2066975796,glen_bartolet@pitt.edu,glen_bartolet@hotmail.com,foobar,Pitt 2021
6104763501,freeman_gochal@pitt.edu,freeman_gochal@aol.com,foobar,Pitt 2021
2153721718,vincent.meinerding@pitt.edu,vincent.meinerding@hotmail.com,foobar,Pitt 2021
3108585079,rima@pitt.edu,rima@cox.net,foobar,Pitt 2021
7076538214,gsarbacher@pitt.edu,gsarbacher@gmail.com,foobar,Pitt 2021
4078089439,avery@pitt.edu,avery@cox.net,foobar,Pitt 2021
7609714322,cristy@pitt.edu,cristy@lother.com,foobar,Pitt 2021
5088379230,nicolette_brossart@pitt.edu,nicolette_brossart@brossart.com,foobar,Pitt 2021
9362649294,tracey@pitt.edu,tracey@hotmail.com,foobar,Pitt 2021
4142148697,virgina_tegarden@pitt.edu,virgina_tegarden@tegarden.com,foobar,Pitt 2021
6266364117,tfrankel@pitt.edu,tfrankel@aol.com,foobar,Pitt 2021
9143009193,alaine_bergesen@pitt.edu,alaine_bergesen@cox.net,foobar,Pitt 2021
2142891973,earleen_mai@pitt.edu,earleen_mai@cox.net,foobar,Pitt 2021
2282355615,leonida@pitt.edu,leonida@gobern.org,foobar,Pitt 2021
3056048981,ressie.auffrey@pitt.edu,ressie.auffrey@yahoo.com,foobar,Pitt 2021
2123049225,jmugnolo@pitt.edu,jmugnolo@yahoo.com,foobar,Pitt 2021
2014744924,eladia@pitt.edu,eladia@saulter.com,foobar,Pitt 2021
7349285182,chaya@pitt.edu,chaya@malvin.com,foobar,Pitt 2021
6312586558,gwenn_suffield@pitt.edu,gwenn_suffield@suffield.org,foobar,Pitt 2021
3307918557,skarpel@pitt.edu,skarpel@cox.net,foobar,Pitt 2021
2035064706,yoko@pitt.edu,yoko@fishburne.com,foobar,Pitt 2021
7033224041,taryn.moyd@pitt.edu,taryn.moyd@hotmail.com,foobar,Pitt 2021
9786262978,katina_polidori@pitt.edu,katina_polidori@aol.com,foobar,Pitt 2021
4196931334,rickie.plumer@pitt.edu,rickie.plumer@aol.com,foobar,Pitt 2021
2536607821,alex@pitt.edu,alex@loader.com,foobar,Pitt 2021
9167417884,lashon@pitt.edu,lashon@aol.com,foobar,Pitt 2021
3073427795,lburnard@pitt.edu,lburnard@burnard.com,foobar,Pitt 2021
2076277565,ceola.setter@pitt.edu,ceola.setter@setter.org,foobar,Pitt 2021
2154915633,my@pitt.edu,my@hotmail.com,foobar,Pitt 2021
8137692939,lorrine.worlds@pitt.edu,lorrine.worlds@worlds.com,foobar,Pitt 2021
6196081763,peggie@pitt.edu,peggie@cox.net,foobar,Pitt 2021
9797188968,mraymo@pitt.edu,mraymo@yahoo.com,foobar,Pitt 2021
8472333075,daron_dinos@pitt.edu,daron_dinos@cox.net,foobar,Pitt 2021
6092285265,an_fritz@pitt.edu,an_fritz@hotmail.com,foobar,Pitt 2021
9087227128,portia.stimmel@pitt.edu,portia.stimmel@aol.com,foobar,Pitt 2021
7185609537,rhea_aredondo@pitt.edu,rhea_aredondo@cox.net,foobar,Pitt 2021
3147871588,bsama@pitt.edu,bsama@cox.net,foobar,Pitt 2021
2093171801,alyce@pitt.edu,alyce@arias.org,foobar,Pitt 2021
9739365095,heike@pitt.edu,heike@gmail.com,foobar,Pitt 2021
3175782453,carey_dopico@pitt.edu,carey_dopico@dopico.org,foobar,Pitt 2021
2065406076,dottie@pitt.edu,dottie@hellickson.org,foobar,Pitt 2021
3368227652,deandrea@pitt.edu,deandrea@yahoo.com,foobar,Pitt 2021
7856298542,kimberlie_duenas@pitt.edu,kimberlie_duenas@yahoo.com,foobar,Pitt 2021
4074716908,martina_staback@pitt.edu,martina_staback@staback.com,foobar,Pitt 2021
6125082655,skye_fillingim@pitt.edu,skye_fillingim@yahoo.com,foobar,Pitt 2021
8033525387,jade.farrar@pitt.edu,jade.farrar@yahoo.com,foobar,Pitt 2021
7073001771,charlene.hamilton@pitt.edu,charlene.hamilton@hotmail.com,foobar,Pitt 2021
8472221734,geoffrey@pitt.edu,geoffrey@gmail.com,foobar,Pitt 2021
9498674077,stevie.westerbeck@pitt.edu,stevie.westerbeck@yahoo.com,foobar,Pitt 2021
3034042210,pamella@pitt.edu,pamella@fortino.com,foobar,Pitt 2021
2038016193,hhaufler@pitt.edu,hhaufler@hotmail.com,foobar,Pitt 2021
4259867573,jengelberg@pitt.edu,jengelberg@engelberg.org,foobar,Pitt 2021
4409895826,buddy.cloney@pitt.edu,buddy.cloney@yahoo.com,foobar,Pitt 2021
6033156839,dalene.riden@pitt.edu,dalene.riden@aol.com,foobar,Pitt 2021
3215185938,jzurcher@pitt.edu,jzurcher@zurcher.org,foobar,Pitt 2021
2127928658,hdenooyer@pitt.edu,hdenooyer@denooyer.org,foobar,Pitt 2021
7145842237,joseph_cryer@pitt.edu,joseph_cryer@cox.net,foobar,Pitt 2021
2489134677,deonna_kippley@pitt.edu,deonna_kippley@hotmail.com,foobar,Pitt 2021
3178254724,raymon.calvaresi@pitt.edu,raymon.calvaresi@gmail.com,foobar,Pitt 2021
9402767922,alecia@pitt.edu,alecia@aol.com,foobar,Pitt 2021
2037213388,mlayous@pitt.edu,mlayous@hotmail.com,foobar,Pitt 2021
4107399277,detra@pitt.edu,detra@aol.com,foobar,Pitt 2021
5044634384,terrilyn.rodeigues@pitt.edu,terrilyn.rodeigues@cox.net,foobar,Pitt 2021
8045505097,slacovara@pitt.edu,slacovara@gmail.com,foobar,Pitt 2021
2159798776,garry_keetch@pitt.edu,garry_keetch@hotmail.com,foobar,Pitt 2021
9526517597,mneither@pitt.edu,mneither@yahoo.com,foobar,Pitt 2021
3059368226,theodora.restrepo@pitt.edu,theodora.restrepo@restrepo.com,foobar,Pitt 2021
4142635287,noah.kalafatis@pitt.edu,noah.kalafatis@aol.com,foobar,Pitt 2021
7329412621,csweigard@pitt.edu,csweigard@sweigard.com,foobar,Pitt 2021
7018982154,lavonda@pitt.edu,lavonda@cox.net,foobar,Pitt 2021
7756389963,junita@pitt.edu,junita@aol.com,foobar,Pitt 2021
6029545141,herminia@pitt.edu,herminia@nicolozakes.org,foobar,Pitt 2021
6153902251,casie.good@pitt.edu,casie.good@aol.com,foobar,Pitt 2021
4103511863,reena@pitt.edu,reena@hotmail.com,foobar,Pitt 2021
2128701286,mirta_mallett@pitt.edu,mirta_mallett@gmail.com,foobar,Pitt 2021
8067031435,cathrine.pontoriero@pitt.edu,cathrine.pontoriero@pontoriero.com,foobar,Pitt 2021
3237652528,ftawil@pitt.edu,ftawil@hotmail.com,foobar,Pitt 2021
6195095282,rupthegrove@pitt.edu,rupthegrove@yahoo.com,foobar,Pitt 2021
7707321194,sarah.candlish@pitt.edu,sarah.candlish@gmail.com,foobar,Pitt 2021
5087695250,lucy@pitt.edu,lucy@cox.net,foobar,Pitt 2021
2697567222,jaquas@pitt.edu,jaquas@aquas.com,foobar,Pitt 2021
9737141721,yvonne.tjepkema@pitt.edu,yvonne.tjepkema@hotmail.com,foobar,Pitt 2021
3377409323,kayleigh.lace@pitt.edu,kayleigh.lace@yahoo.com,foobar,Pitt 2021
7174915643,felix_hirpara@pitt.edu,felix_hirpara@cox.net,foobar,Pitt 2021
3143599566,tresa_sweely@pitt.edu,tresa_sweely@hotmail.com,foobar,Pitt 2021
8172138851,kristeen@pitt.edu,kristeen@gmail.com,foobar,Pitt 2021
8139328715,jregusters@pitt.edu,jregusters@regusters.com,foobar,Pitt 2021
7706794752,renea@pitt.edu,renea@hotmail.com,foobar,Pitt 2021
7609386069,olive@pitt.edu,olive@aol.com,foobar,Pitt 2021
5179061108,lreiber@pitt.edu,lreiber@cox.net,foobar,Pitt 2021
6023904944,christiane.eschberger@pitt.edu,christiane.eschberger@yahoo.com,foobar,Pitt 2021
2072957569,goldie.schirpke@pitt.edu,goldie.schirpke@yahoo.com,foobar,Pitt 2021
3016966420,loreta.timenez@pitt.edu,loreta.timenez@hotmail.com,foobar,Pitt 2021
7178093119,fabiola.hauenstein@pitt.edu,fabiola.hauenstein@hauenstein.org,foobar,Pitt 2021
9724197946,amie.perigo@pitt.edu,amie.perigo@yahoo.com,foobar,Pitt 2021
4063181515,raina.brachle@pitt.edu,raina.brachle@brachle.org,foobar,Pitt 2021
9737673008,erinn.canlas@pitt.edu,erinn.canlas@canlas.com,foobar,Pitt 2021
2489806904,cherry@pitt.edu,cherry@lietz.com,foobar,Pitt 2021
2169233715,kattie@pitt.edu,kattie@vonasek.org,foobar,Pitt 2021
3256311560,lilli@pitt.edu,lilli@aol.com,foobar,Pitt 2021
8175264408,whitley.tomasulo@pitt.edu,whitley.tomasulo@aol.com,foobar,Pitt 2021
7182013751,badkin@pitt.edu,badkin@hotmail.com,foobar,Pitt 2021
4018934882,hermila_thyberg@pitt.edu,hermila_thyberg@hotmail.com,foobar,Pitt 2021
7178859118,jesusita.flister@pitt.edu,jesusita.flister@hotmail.com,foobar,Pitt 2021
4019484982,caitlin.julia@pitt.edu,caitlin.julia@julia.org,foobar,Pitt 2021
3056224739,roosevelt.hoffis@pitt.edu,roosevelt.hoffis@aol.com,foobar,Pitt 2021
2018324168,hhalter@pitt.edu,hhalter@yahoo.com,foobar,Pitt 2021
2108564979,lorean.martabano@pitt.edu,lorean.martabano@hotmail.com,foobar,Pitt 2021
7184788504,france.buzick@pitt.edu,france.buzick@yahoo.com,foobar,Pitt 2021
9099933242,jferrario@pitt.edu,jferrario@hotmail.com,foobar,Pitt 2021
2162304892,adelina_nabours@pitt.edu,adelina_nabours@gmail.com,foobar,Pitt 2021
2123044515,ddhamer@pitt.edu,ddhamer@cox.net,foobar,Pitt 2021
8047629576,jerry.dallen@pitt.edu,jerry.dallen@yahoo.com,foobar,Pitt 2021
7062214243,leota.ragel@pitt.edu,leota.ragel@gmail.com,foobar,Pitt 2021
3375151438,jamyot@pitt.edu,jamyot@hotmail.com,foobar,Pitt 2021
9735442677,aja_gehrett@pitt.edu,aja_gehrett@hotmail.com,foobar,Pitt 2021
6074073716,kirk.herritt@pitt.edu,kirk.herritt@aol.com,foobar,Pitt 2021
9734122995,leonora@pitt.edu,leonora@yahoo.com,foobar,Pitt 2021
2082524552,winfred_brucato@pitt.edu,winfred_brucato@hotmail.com,foobar,Pitt 2021
4154111775,tarra.nachor@pitt.edu,tarra.nachor@cox.net,foobar,Pitt 2021
5089424186,corinne@pitt.edu,corinne@loder.org,foobar,Pitt 2021
2483578718,dulce_labreche@pitt.edu,dulce_labreche@yahoo.com,foobar,Pitt 2021
9203536377,kate_keneipp@pitt.edu,kate_keneipp@yahoo.com,foobar,Pitt 2021
4106654903,kaitlyn.ogg@pitt.edu,kaitlyn.ogg@gmail.com,foobar,Pitt 2021
7196691664,sherita.saras@pitt.edu,sherita.saras@cox.net,foobar,Pitt 2021
4195888719,lstuer@pitt.edu,lstuer@cox.net,foobar,Pitt 2021
3019989644,ernest@pitt.edu,ernest@cox.net,foobar,Pitt 2021
5088559887,nobuko.halsey@pitt.edu,nobuko.halsey@yahoo.com,foobar,Pitt 2021
7034831970,lavonna.wolny@pitt.edu,lavonna.wolny@hotmail.com,foobar,Pitt 2021
4106782473,llizama@pitt.edu,llizama@cox.net,foobar,Pitt 2021
5122234791,mariann.bilden@pitt.edu,mariann.bilden@aol.com,foobar,Pitt 2021
6234618551,helene@pitt.edu,helene@aol.com,foobar,Pitt 2021
4195715920,roselle.estell@pitt.edu,roselle.estell@hotmail.com,foobar,Pitt 2021
2063114137,sheintzman@pitt.edu,sheintzman@hotmail.com,foobar,Pitt 2021
5136172362,margart_meisel@pitt.edu,margart_meisel@yahoo.com,foobar,Pitt 2021
8123681511,kristofer.bennick@pitt.edu,kristofer.bennick@yahoo.com,foobar,Pitt 2021
8473532156,wacuff@pitt.edu,wacuff@gmail.com,foobar,Pitt 2021
7182322337,shalon@pitt.edu,shalon@cox.net,foobar,Pitt 2021
4074464358,denise@pitt.edu,denise@patak.org,foobar,Pitt 2021
3108202117,louvenia.beech@pitt.edu,louvenia.beech@beech.com,foobar,Pitt 2021
8137974816,audry.yaw@pitt.edu,audry.yaw@yaw.org,foobar,Pitt 2021
9154521290,kristel.ehmann@pitt.edu,kristel.ehmann@aol.com,foobar,Pitt 2021
6196035125,vzepp@pitt.edu,vzepp@gmail.com,foobar,Pitt 2021
3018415012,egwalthney@pitt.edu,egwalthney@yahoo.com,foobar,Pitt 2021
7145236653,venita_maillard@pitt.edu,venita_maillard@gmail.com,foobar,Pitt 2021
3147329131,kasandra_semidey@pitt.edu,kasandra_semidey@semidey.com,foobar,Pitt 2021
5122331831,xdiscipio@pitt.edu,xdiscipio@gmail.com,foobar,Pitt 2021
3366702640,mlinahan@pitt.edu,mlinahan@yahoo.com,foobar,Pitt 2021
6314434710,krauser@pitt.edu,krauser@cox.net,foobar,Pitt 2021
2018252514,pdubaldi@pitt.edu,pdubaldi@hotmail.com,foobar,Pitt 2021
9014124381,linn_paa@pitt.edu,linn_paa@paa.com,foobar,Pitt 2021
4045054445,paris@pitt.edu,paris@hotmail.com,foobar,Pitt 2021
6504731262,wynell_dorshorst@pitt.edu,wynell_dorshorst@dorshorst.org,foobar,Pitt 2021
9527027993,qbirkner@pitt.edu,qbirkner@aol.com,foobar,Pitt 2021
4807261280,regenia.kannady@pitt.edu,regenia.kannady@cox.net,foobar,Pitt 2021
7189768610,sheron@pitt.edu,sheron@aol.com,foobar,Pitt 2021
7708443447,izetta.funnell@pitt.edu,izetta.funnell@hotmail.com,foobar,Pitt 2021
5072103510,rodolfo@pitt.edu,rodolfo@hotmail.com,foobar,Pitt 2021
2034611949,zona@pitt.edu,zona@hotmail.com,foobar,Pitt 2021
2602733725,szagen@pitt.edu,szagen@aol.com,foobar,Pitt 2021
6019278287,paz_sahagun@pitt.edu,paz_sahagun@cox.net,foobar,Pitt 2021
5869707380,markus@pitt.edu,markus@yahoo.com,foobar,Pitt 2021
7198533600,jaclyn@pitt.edu,jaclyn@aol.com,foobar,Pitt 2021
2127458484,cyril_daufeldt@pitt.edu,cyril_daufeldt@daufeldt.com,foobar,Pitt 2021
5106863407,gschnitzler@pitt.edu,gschnitzler@gmail.com,foobar,Pitt 2021
7737049903,erick_nievas@pitt.edu,erick_nievas@aol.com,foobar,Pitt 2021
5702184831,jennie@pitt.edu,jennie@cox.net,foobar,Pitt 2021
5309869272,mscipione@pitt.edu,mscipione@scipione.com,foobar,Pitt 2021
8458238877,cventura@pitt.edu,cventura@yahoo.com,foobar,Pitt 2021
2166006111,galen@pitt.edu,galen@yahoo.com,foobar,Pitt 2021
9738522736,tfeichtner@pitt.edu,tfeichtner@yahoo.com,foobar,Pitt 2021
9074359166,gail@pitt.edu,gail@kitty.com,foobar,Pitt 2021
2152681275,dalene@pitt.edu,dalene@schoeneck.org,foobar,Pitt 2021
5139777043,gertude.witten@pitt.edu,gertude.witten@gmail.com,foobar,Pitt 2021
3106991222,lizbeth@pitt.edu,lizbeth@yahoo.com,foobar,Pitt 2021
5153707348,gberray@pitt.edu,gberray@gmail.com,foobar,Pitt 2021
6108091818,lashandra@pitt.edu,lashandra@yahoo.com,foobar,Pitt 2021
9196232524,lnewville@pitt.edu,lnewville@newville.com,foobar,Pitt 2021
5096955199,laurel@pitt.edu,laurel@yahoo.com,foobar,Pitt 2021
9148685965,mireya.frerking@pitt.edu,mireya.frerking@hotmail.com,foobar,Pitt 2021
4107571035,annelle@pitt.edu,annelle@yahoo.com,foobar,Pitt 2021
5168474418,dean_ketelsen@pitt.edu,dean_ketelsen@gmail.com,foobar,Pitt 2021
5084564907,levi.munis@pitt.edu,levi.munis@gmail.com,foobar,Pitt 2021
9186449555,sylvie@pitt.edu,sylvie@aol.com,foobar,Pitt 2021
2314679978,sharee_maile@pitt.edu,sharee_maile@aol.com,foobar,Pitt 2021
3375666001,cordelia_storment@pitt.edu,cordelia_storment@aol.com,foobar,Pitt 2021
4199753182,mollie_mcdoniel@pitt.edu,mollie_mcdoniel@yahoo.com,foobar,Pitt 2021
6194619984,brett.mccullan@pitt.edu,brett.mccullan@mccullan.com,foobar,Pitt 2021
2038923863,teddy_pedrozo@pitt.edu,teddy_pedrozo@aol.com,foobar,Pitt 2021
2019209002,tasia_andreason@pitt.edu,tasia_andreason@yahoo.com,foobar,Pitt 2021
3309031345,hubert@pitt.edu,hubert@walthall.org,foobar,Pitt 2021
2012385688,arthur.farrow@pitt.edu,arthur.farrow@yahoo.com,foobar,Pitt 2021
6167373085,vberlanga@pitt.edu,vberlanga@berlanga.com,foobar,Pitt 2021
6015675386,billye_miro@pitt.edu,billye_miro@cox.net,foobar,Pitt 2021
9016409178,glenna_slayton@pitt.edu,glenna_slayton@cox.net,foobar,Pitt 2021
3034021940,mitzie_hudnall@pitt.edu,mitzie_hudnall@yahoo.com,foobar,Pitt 2021
9019014726,bernardine_rodefer@pitt.edu,bernardine_rodefer@yahoo.com,foobar,Pitt 2021
6268662339,staci_schmaltz@pitt.edu,staci_schmaltz@aol.com,foobar,Pitt 2021
7732259985,nichelle_meteer@pitt.edu,nichelle_meteer@meteer.com,foobar,Pitt 2021
7182285894,jrhoden@pitt.edu,jrhoden@yahoo.com,foobar,Pitt 2021
5097555393,ettie.hoopengardner@pitt.edu,ettie.hoopengardner@hotmail.com,foobar,Pitt 2021
4108907866,eden_jayson@pitt.edu,eden_jayson@yahoo.com,foobar,Pitt 2021
9738608610,lynelle_auber@pitt.edu,lynelle_auber@gmail.com,foobar,Pitt 2021
5625796900,merissa.tomblin@pitt.edu,merissa.tomblin@gmail.com,foobar,Pitt 2021
7326289909,golda_kaniecki@pitt.edu,golda_kaniecki@yahoo.com,foobar,Pitt 2021
9732103994,catarina_gleich@pitt.edu,catarina_gleich@hotmail.com,foobar,Pitt 2021
3037767548,vkiel@pitt.edu,vkiel@hotmail.com,foobar,Pitt 2021
7576827116,jolene@pitt.edu,jolene@yahoo.com,foobar,Pitt 2021
6029194211,keneth@pitt.edu,keneth@yahoo.com,foobar,Pitt 2021
3059689487,rikki@pitt.edu,rikki@nayar.com,foobar,Pitt 2021
6028962993,elke_sengbusch@pitt.edu,elke_sengbusch@yahoo.com,foobar,Pitt 2021
3865267800,hoa@pitt.edu,hoa@sarao.org,foobar,Pitt 2021
4153319634,trinidad_mcrae@pitt.edu,trinidad_mcrae@yahoo.com,foobar,Pitt 2021
8587939684,mari_lueckenbach@pitt.edu,mari_lueckenbach@yahoo.com,foobar,Pitt 2021
2019918369,selma.husser@pitt.edu,selma.husser@cox.net,foobar,Pitt 2021
9094307765,aonofrio@pitt.edu,aonofrio@onofrio.com,foobar,Pitt 2021
6173652134,ljurney@pitt.edu,ljurney@hotmail.com,foobar,Pitt 2021
7602915497,clorinda.heimann@pitt.edu,clorinda.heimann@hotmail.com,foobar,Pitt 2021
3105109713,dick@pitt.edu,dick@yahoo.com,foobar,Pitt 2021
7175288996,ahmed.angalich@pitt.edu,ahmed.angalich@angalich.com,foobar,Pitt 2021
4802932882,iluminada.ohms@pitt.edu,iluminada.ohms@yahoo.com,foobar,Pitt 2021
5614704574,joanna_leinenbach@pitt.edu,joanna_leinenbach@hotmail.com,foobar,Pitt 2021
6152461824,caprice@pitt.edu,caprice@aol.com,foobar,Pitt 2021
8597177638,stephane_myricks@pitt.edu,stephane_myricks@cox.net,foobar,Pitt 2021
7345616170,quentin_swayze@pitt.edu,quentin_swayze@yahoo.com,foobar,Pitt 2021
9367517961,annmarie_castros@pitt.edu,annmarie_castros@gmail.com,foobar,Pitt 2021
9734822430,shonda_greenbush@pitt.edu,shonda_greenbush@cox.net,foobar,Pitt 2021
2016933967,clapage@pitt.edu,clapage@lapage.com,foobar,Pitt 2021
3059884162,jeanice.claucherty@pitt.edu,jeanice.claucherty@yahoo.com,foobar,Pitt 2021
9315539774,josphine_villanueva@pitt.edu,josphine_villanueva@villanueva.com,foobar,Pitt 2021
7147713880,dperruzza@pitt.edu,dperruzza@perruzza.com,foobar,Pitt 2021
8476333216,cassi.wildfong@pitt.edu,cassi.wildfong@aol.com,foobar,Pitt 2021
2158883304,britt@pitt.edu,britt@galam.org,foobar,Pitt 2021
9736541561,adell.lipkin@pitt.edu,adell.lipkin@lipkin.com,foobar,Pitt 2021
8148658113,jacqueline.rowling@pitt.edu,jacqueline.rowling@yahoo.com,foobar,Pitt 2021
8012939853,lonny_weglarz@pitt.edu,lonny_weglarz@gmail.com,foobar,Pitt 2021
9109223672,lonna_diestel@pitt.edu,lonna_diestel@gmail.com,foobar,Pitt 2021
2139758026,cristal@pitt.edu,cristal@cox.net,foobar,Pitt 2021
5174992322,kenneth.grenet@pitt.edu,kenneth.grenet@grenet.org,foobar,Pitt 2021
3158182638,emclaird@pitt.edu,emclaird@mclaird.com,foobar,Pitt 2021
5746562800,ajeanty@pitt.edu,ajeanty@gmail.com,foobar,Pitt 2021
4073121691,sharika.eanes@pitt.edu,sharika.eanes@aol.com,foobar,Pitt 2021
9737519003,nu@pitt.edu,nu@gmail.com,foobar,Pitt 2021
6092008577,dcomnick@pitt.edu,dcomnick@cox.net,foobar,Pitt 2021
6083824541,cecilia_colaizzo@pitt.edu,cecilia_colaizzo@colaizzo.com,foobar,Pitt 2021
9148619748,leslie@pitt.edu,leslie@cox.net,foobar,Pitt 2021
3363705333,nan@pitt.edu,nan@koppinger.com,foobar,Pitt 2021
4104731708,idewar@pitt.edu,idewar@dewar.com,foobar,Pitt 2021
7327302692,tegan.arceo@pitt.edu,tegan.arceo@arceo.org,foobar,Pitt 2021
8302582769,ruthann@pitt.edu,ruthann@hotmail.com,foobar,Pitt 2021
8475195906,joni_breland@pitt.edu,joni_breland@cox.net,foobar,Pitt 2021
7326054781,vrentfro@pitt.edu,vrentfro@cox.net,foobar,Pitt 2021
4028965943,colette.kardas@pitt.edu,colette.kardas@yahoo.com,foobar,Pitt 2021
7032215602,malcolm_tromblay@pitt.edu,malcolm_tromblay@cox.net,foobar,Pitt 2021
9725581665,ryan@pitt.edu,ryan@cox.net,foobar,Pitt 2021
2125104633,jess.chaffins@pitt.edu,jess.chaffins@chaffins.org,foobar,Pitt 2021
5168161541,sbourbon@pitt.edu,sbourbon@yahoo.com,foobar,Pitt 2021
3525988301,nickolas_juvera@pitt.edu,nickolas_juvera@cox.net,foobar,Pitt 2021
3175426023,gary_nunlee@pitt.edu,gary_nunlee@nunlee.org,foobar,Pitt 2021
8165579673,diane@pitt.edu,diane@cox.net,foobar,Pitt 2021
6012349632,roslyn.chavous@pitt.edu,roslyn.chavous@chavous.org,foobar,Pitt 2021
3258692649,glory@pitt.edu,glory@yahoo.com,foobar,Pitt 2021
4088054309,rasheeda@pitt.edu,rasheeda@aol.com,foobar,Pitt 2021
8563122629,alpha@pitt.edu,alpha@yahoo.com,foobar,Pitt 2021
5109748671,refugia.jacobos@pitt.edu,refugia.jacobos@jacobos.com,foobar,Pitt 2021
4075385106,shawnda.yori@pitt.edu,shawnda.yori@yahoo.com,foobar,Pitt 2021
3074031488,mdelasancha@pitt.edu,mdelasancha@hotmail.com,foobar,Pitt 2021
5163939967,gilma_liukko@pitt.edu,gilma_liukko@gmail.com,foobar,Pitt 2021
6089677194,jgabisi@pitt.edu,jgabisi@hotmail.com,foobar,Pitt 2021
2014312989,lili.paskin@pitt.edu,lili.paskin@cox.net,foobar,Pitt 2021
5706483035,loren.asar@pitt.edu,loren.asar@aol.com,foobar,Pitt 2021
8586177834,dorothy@pitt.edu,dorothy@cox.net,foobar,Pitt 2021
7606165388,gail_similton@pitt.edu,gail_similton@similton.com,foobar,Pitt 2021
6093733332,catalina@pitt.edu,catalina@hotmail.com,foobar,Pitt 2021
4014656432,lawrence.lorens@pitt.edu,lawrence.lorens@hotmail.com,foobar,Pitt 2021
7853471805,carlee.boulter@pitt.edu,carlee.boulter@hotmail.com,foobar,Pitt 2021
9169203571,tankeny@pitt.edu,tankeny@ankeny.org,foobar,Pitt 2021
3862484118,joles@pitt.edu,joles@gmail.com,foobar,Pitt 2021
2026467516,alesia_hixenbaugh@pitt.edu,alesia_hixenbaugh@hixenbaugh.org,foobar,Pitt 2021
4154233294,lai@pitt.edu,lai@gmail.com,foobar,Pitt 2021
2087091235,bgillaspie@pitt.edu,bgillaspie@gillaspie.com,foobar,Pitt 2021
5744991454,rkampa@pitt.edu,rkampa@kampa.org,foobar,Pitt 2021
3087262182,flo.bookamer@pitt.edu,flo.bookamer@cox.net,foobar,Pitt 2021
2067116498,jbiddy@pitt.edu,jbiddy@yahoo.com,foobar,Pitt 2021
4074134842,chauncey_motley@pitt.edu,chauncey_motley@aol.com
